"発注日付","指定納期","担当者コード","仕入先コード","仕入先略称","納品先コード","納品先略称","入庫倉庫コード","相手先NO","取引区分コード","商品コード","ロットNO","通貨コード","通貨名","レート","有効期限","備考1","備考2","備考3","商品名1","商品名2","CS1コード","CS2コード","PLUコード","入数","CT数","税抜上代単価","発注数量","発注単価","発注金額","外貨単価","外貨金額","明細備考1","明細備考2","明細メモ","注文NO","伝票備考","伝票備考2","伝票備考3","伝票備考4","伝票メモ","拡張項目1","拡張項目2","拡張項目3","拡張項目4","拡張項目5"
"2026/01/09","2026/02/19","","437","新南通本州","","","017","S3781","01","FD2402V","","CNY","","22.70","","","","","ｾﾞﾌﾞﾗｶﾞﾗｸﾛｽﾊﾞﾝﾄﾞP","","11","M","","25","","","350","12.90","","12.90","","","","","","","","","26-00009","","","","","",""
"2026/01/09","2026/02/19","","437","新南通本州","","","017","S3781","01","FD2403V","","CNY","","22.70","","","","","ﾋｮｳｶﾞﾗｸﾛｽﾊﾞﾝﾄﾞBR","","40","M","","25","","","350","12.90","","12.90","","","","","","","","","26-00009","","","","","",""
"2026/01/09","2026/02/19","","437","新南通本州","","","017","S3781","01","FD2404V","","CNY","","22.70","","","","","ﾋｮｳｶﾞﾗｸﾛｽﾊﾞﾝﾄﾞGR","","80","M","","25","","","350","12.90","","12.90","","","","","","","","","26-00009","","","","","",""
"2026/01/09","2026/02/19","","437","新南通本州","","","017","S3781","01","FD2405V","","CNY","","22.70","","","","","ﾋｮｳｶﾞﾗｸﾛｽﾊﾞﾝﾄﾞBK","","90","M","","25","","","350","12.90","","12.90","","","","","","","","","26-00009","","","","","",""
"2026/01/15","2026/03/19","","434","南通愛軒","","","017","S3785","01","CT2058A","","CNY","","22.70","","","","","KAﾊﾟﾝﾄﾞﾛﾎﾞｳ　ｽﾄﾗｲﾌﾟｴﾌﾟﾛﾝ","","30","M-L","","50","","","200","34.50","","34.50","","","","","","","","","26-00016","","","","","",""
"2026/01/15","2026/03/19","","434","南通愛軒","","","017","S3785","01","CT2058A","","CNY","","22.70","","","","","KAﾊﾟﾝﾄﾞﾛﾎﾞｳ　ｽﾄﾗｲﾌﾟｴﾌﾟﾛﾝ","","30","LL3L","","50","","","100","34.50","","34.50","","","","","","","","","26-00016","","","","","",""
"2026/01/15","2026/03/19","","434","南通愛軒","","","017","S3785","01","CT3008A","","CNY","","22.70","","","","","KA ﾊﾟﾝﾄﾞﾛﾎﾞｳ総柄","","40","M-L","","50","","","150","51.00","","51.00","","","","","","","","","26-00016","","","","","",""
"2026/01/15","2026/03/19","","434","南通愛軒","","","017","S3785","01","CT3008A","","CNY","","22.70","","","","","KA ﾊﾟﾝﾄﾞﾛﾎﾞｳ総柄","","40","LL3L","","50","","","100","51.00","","51.00","","","","","","","","","26-00016","","","","","",""
"2026/01/22","2026/04/10","","437","新南通本州","","","010","S3798","01","FE2098V","","CNY","","22.70","","","","","ﾁｪｯｸｶﾞﾗ ﾈｰﾑ　竹","","40","M","","25","","","600","0.00","","0.00","","","","","","","","","26-00029","","","","","",""
"2026/01/22","2026/04/10","","437","新南通本州","","","010","S3798","01","FE2098V","","CNY","","22.70","","","","","ﾁｪｯｸｶﾞﾗ ﾈｰﾑ　竹","","40","L","","25","","","600","0.00","","0.00","","","","","","","","","26-00029","","","","","",""
"2026/01/22","2026/04/10","","437","新南通本州","","","010","S3798","01","FE2098V","","CNY","","22.70","","","","","ﾁｪｯｸｶﾞﾗ ﾈｰﾑ　竹","","80","M","","25","","","500","0.00","","0.00","","","","","","","","","26-00029","","","","","",""
"2026/01/22","2026/04/10","","437","新南通本州","","","010","S3798","01","FE2098V","","CNY","","22.70","","","","","ﾁｪｯｸｶﾞﾗ ﾈｰﾑ　竹","","80","L","","25","","","300","0.00","","0.00","","","","","","","","","26-00029","","","","","",""
"2026/01/22","2026/04/10","","437","新南通本州","","","010","S3798","01","FE2099V","","CNY","","22.70","","","","","ｷｶｶﾞｸｶﾞﾗ ﾈｰﾑ　竹","","32","M","","25","","","550","0.00","","0.00","","","","","","","","","26-00029","","","","","",""
"2026/01/22","2026/04/10","","437","新南通本州","","","010","S3798","01","FE2099V","","CNY","","22.70","","","","","ｷｶｶﾞｸｶﾞﾗ ﾈｰﾑ　竹","","32","L","","25","","","650","0.00","","0.00","","","","","","","","","26-00029","","","","","",""
"2026/01/22","2026/04/10","","437","新南通本州","","","010","S3798","01","FE2099V","","CNY","","22.70","","","","","ｷｶｶﾞｸｶﾞﾗ ﾈｰﾑ　竹","","62","M","","25","","","450","0.00","","0.00","","","","","","","","","26-00029","","","","","",""
"2026/01/22","2026/04/10","","437","新南通本州","","","010","S3798","01","FE2099V","","CNY","","22.70","","","","","ｷｶｶﾞｸｶﾞﾗ ﾈｰﾑ　竹","","62","L","","25","","","350","0.00","","0.00","","","","","","","","","26-00029","","","","","",""
"2026/02/12","2026/04/24","","434","南通愛軒","","","017","S3824","01","CT2058A","","CNY","","22.70","","","","","KAﾊﾟﾝﾄﾞﾛﾎﾞｳ　ｽﾄﾗｲﾌﾟｴﾌﾟﾛﾝ","","30","M-L","","50","","","300","34.50","","34.50","","","","","","","","","26-00055","","","","","",""
"2026/02/24","2026/04/22","","411","南通藤東","","","017","S3825","01","FA2520F","","CNY","","22.70","","","","","DS ｽﾞｰﾄﾋﾟｱﾄｲﾚｽﾘｯﾊﾟG","","20","L","","20","","","500","17.60","","17.60","","","","","","","","","26-00057","","","","","",""
"2026/02/24","2026/04/22","","411","南通藤東","","","017","S3825","01","FA2521F","","CNY","","22.70","","","","","DS ｽﾞｰﾄﾋﾟｱﾄｲﾚｽﾘｯﾊﾟB","","30","L","","20","","","500","17.60","","17.60","","","","","","","","","26-00057","","","","","",""
"2026/02/26","2026/07/20","","437","新南通本州","","","007","S3833","01","FH2153V","","CNY","","22.70","","","","","3Eｱｰﾁﾊﾟﾝﾀﾊﾟﾝﾀﾞ","","60","M","","0","","","1450","0.00","","0.00","","","","","","","","","26-00064","","","","","",""
"2026/02/26","2026/07/20","","437","新南通本州","","","007","S3833","01","FH2154V","","CNY","","22.70","","","","","ﾂﾎﾞｵｼﾈｺｶｵ","","80","M","","0","","","1450","0.00","","0.00","","","","","","","","","26-00064","","","","","",""
"2026/02/26","2026/07/20","","437","新南通本州","","","007","S3833","01","FH2157V","","CNY","","22.70","","","","","3Eｱｰﾁﾊﾟﾝﾀﾑｼﾞ","","90","M","","0","","","1450","0.00","","0.00","","","","","","","","","26-00064","","","","","",""
"2026/02/26","2026/07/21","","437","新南通本州","","","017","S3834","01","FH2153V","","CNY","","22.70","","","","","3Eｱｰﾁﾊﾟﾝﾀﾊﾟﾝﾀﾞ","","60","M","","0","","","1050","0.00","","0.00","","","","","","","","","26-00065","","","","","",""
"2026/02/26","2026/07/21","","437","新南通本州","","","017","S3834","01","FH2154V","","CNY","","22.70","","","","","ﾂﾎﾞｵｼﾈｺｶｵ","","80","M","","0","","","1050","0.00","","0.00","","","","","","","","","26-00065","","","","","",""
"2026/02/26","2026/05/21","","437","新南通本州","","","007","","01","FD2442V","","CNY","","22.70","","","","","ﾚｲｶﾝﾍﾟﾝｷﾞﾝｱｲｽ","","30","M","","20","","","200","0.00","","0.00","","","","","","","","","26-00068","","","","","",""
"2026/02/26","2026/05/21","","437","新南通本州","","","007","","01","FD2443V","","CNY","","22.70","","","","","ﾚｲｶﾝﾒﾝﾀﾞｺｻｶﾅ","","32","M","","20","","","200","0.00","","0.00","","","","","","","","","26-00068","","","","","",""
"2026/02/26","2026/05/21","","437","新南通本州","","","007","","01","FD2444V","","CNY","","22.70","","","","","ﾚｲｶﾝKTｸﾗｹﾞ","","31","M","","20","","","200","0.00","","0.00","","","","","","","","","26-00068","","","","","",""
"2026/02/26","2026/05/21","","437","新南通本州","","","007","","01","FD2445V","","CNY","","22.70","","","","","ﾚｲｶﾝKTｶﾆ","","73","M","","20","","","200","0.00","","0.00","","","","","","","","","26-00068","","","","","",""
"2026/02/26","2026/05/21","","437","新南通本州","","","007","","01","FD2450V","","CNY","","22.70","","","","","ﾚｲｶﾝｶｷｺﾞｵﾘ総柄","","50","M","","20","","","200","0.00","","0.00","","","","","","","","","26-00068","","","","","",""
"2026/02/26","2026/05/21","","437","新南通本州","","","007","","01","FD2451V","","CNY","","22.70","","","","","ﾚｲｶﾝ夏野菜総柄","","31","M","","20","","","200","0.00","","0.00","","","","","","","","","26-00068","","","","","",""
"2026/02/26","2026/05/21","","437","新南通本州","","","007","","01","FD2452V","","CNY","","22.70","","","","","ﾚｲｶﾝｼﾊﾞ犬総柄","","73","M","","20","","","200","0.00","","0.00","","","","","","","","","26-00068","","","","","",""
"2026/02/26","2026/05/21","","437","新南通本州","","","007","","01","FD2453V","","CNY","","22.70","","","","","ﾚｲｶﾝｼｭﾅｳｻﾞｰ総柄","","11","M","","20","","","200","0.00","","0.00","","","","","","","","","26-00068","","","","","",""
"2026/02/26","2026/05/21","","437","新南通本州","","","007","","01","FD2453V","","CNY","","22.70","","","","","ﾚｲｶﾝｼｭﾅｳｻﾞｰ総柄","","32","L","","20","","","200","0.00","","0.00","","","","","","","","","26-00068","","","","","",""
"2026/02/26","2026/05/21","","437","新南通本州","","","007","","01","FD4508V","","CNY","","22.70","","","","","ﾚｲｶﾝｱｻﾞﾗｼ","","80","L","","20","","","200","0.00","","0.00","","","","","","","","","26-00068","","","","","",""
"2026/02/26","2026/03/09","","801","㈱ﾗｯｷｰ産業","","","717","","01","FD2377R","","US","","161.00","","","","","ｶﾞﾗ　ﾀﾀﾐ","","11","M","","30","","","1320","710.00","","","","","","","","","","","26-00069","","","","","",""
"2026/02/26","2026/03/09","","801","㈱ﾗｯｷｰ産業","","","717","","01","FD2378R","","US","","161.00","","","","","ﾑｼﾞ　ﾀﾀﾐ","","20","M","","30","","","1410","710.00","","","","","","","","","","","26-00069","","","","","",""
"2026/02/26","2026/03/09","","801","㈱ﾗｯｷｰ産業","","","717","","01","FD2679R","","US","","161.00","","","","","ｼｼﾞﾗ　　ﾀﾀﾐ","","30","L","","30","","","1500","765.00","","","","","","","","","","","26-00069","","","","","",""
"2026/02/26","2026/03/09","","801","㈱ﾗｯｷｰ産業","","","717","","01","FD2680R","","US","","161.00","","","","","ｶﾞﾗ　ﾀﾀﾐ","","90","L","","30","","","1500","765.00","","","","","","","","","","","26-00069","","","","","",""
"2026/02/26","2026/03/09","","801","㈱ﾗｯｷｰ産業","","","717","","01","FD2681R","","US","","161.00","","","","","ｶﾞﾗ　ﾀﾀﾐ","","90","LL","","30","","","1800","835.00","","","","","","","","","","","26-00069","","","","","",""
"2026/02/26","2026/03/09","","801","㈱ﾗｯｷｰ産業","","","717","","01","FD2682R","","US","","161.00","","","","","ｶﾞﾗ　ﾀﾀﾐ","","90","LL","","30","","","1620","835.00","","","","","","","","","","","26-00069","","","","","",""
"2026/02/26","2026/03/09","","801","㈱ﾗｯｷｰ産業","","","717","","01","FD2683R","","US","","161.00","","","","","ｶﾞﾗ　ﾀﾀﾐ","","32","LL","","30","","","1920","810.00","","","","","","","","","","","26-00069","","","","","",""
"2026/02/26","2026/03/09","","801","㈱ﾗｯｷｰ産業","","","717","","01","FD2684R","","US","","161.00","","","","","ｶﾞﾗ　ﾀﾀﾐ","","80","LL","","30","","","1710","835.00","","","","","","","","","","","26-00069","","","","","",""
"2026/03/02","2026/05/08","","801","㈱ﾗｯｷｰ産業","","","717","","01","FD2373R","","US","","161.00","","","","","ﾑｼﾞ　　ﾀﾀﾐ","","10","M","","30","","","1200","710.00","","","","","","","","","","","26-00070","","","","","",""
"2026/03/02","2026/05/08","","801","㈱ﾗｯｷｰ産業","","","717","","01","FD2374R","","US","","161.00","","","","","ﾄﾞｯﾄ　ﾀﾀﾐ","","62","M","","30","","","1200","710.00","","","","","","","","","","","26-00070","","","","","",""
"2026/03/02","2026/05/08","","801","㈱ﾗｯｷｰ産業","","","717","","01","FD2671R","","US","","161.00","","","","","ﾑｼﾞ　　ﾀﾀﾐ","","90","L","","30","","","1410","765.00","","","","","","","","","","","26-00070","","","","","",""
"2026/03/02","2026/05/08","","801","㈱ﾗｯｷｰ産業","","","717","","01","FD2672R","","US","","161.00","","","","","ｼﾎﾞﾘ　ﾀﾀﾐ","","32","L","","30","","","1410","765.00","","","","","","","","","","","26-00070","","","","","",""
"2026/03/02","2026/05/08","","801","㈱ﾗｯｷｰ産業","","","717","","01","FD2673R","","US","","161.00","","","","","ｶﾉｺｼﾎﾞﾘ　ﾀﾀﾐ","","90","LL","","30","","","1410","835.00","","","","","","","","","","","26-00070","","","","","",""
"2026/03/02","2026/05/08","","801","㈱ﾗｯｷｰ産業","","","717","","01","FD2674R","","US","","161.00","","","","","ﾑｼﾞ　ﾀﾀﾐ","","32","LL","","30","","","1500","835.00","","","","","","","","","","","26-00070","","","","","",""
"2026/03/02","2026/05/08","","801","㈱ﾗｯｷｰ産業","","","717","","01","FD2675R","","US","","161.00","","","","","ｼｼﾞﾗ　ﾀﾀﾐ","","90","LL","","30","","","1620","835.00","","","","","","","","","","","26-00070","","","","","",""
"2026/03/02","2026/05/08","","801","㈱ﾗｯｷｰ産業","","","717","","01","FD2676R","","US","","161.00","","","","","ﾑｼﾞ　ﾀﾀﾐ","","80","LL","","30","","","1620","835.00","","","","","","","","","","","26-00070","","","","","",""
"2026/03/02","2026/05/22","","801","㈱ﾗｯｷｰ産業","","","717","","01","FD2685R","","US","","161.00","","","","","ｶﾞﾗ　　ﾀﾀﾐ","","32","L","","30","","","1500","765.00","","","","","","","","","","","26-00071","","","","","",""
"2026/03/02","2026/05/22","","801","㈱ﾗｯｷｰ産業","","","717","","01","FD2686R","","US","","161.00","","","","","ｶﾞﾗ　　ﾀﾀﾐ","","90","L","","30","","","1500","765.00","","","","","","","","","","","26-00071","","","","","",""
"2026/03/02","2026/05/22","","801","㈱ﾗｯｷｰ産業","","","717","","01","FD2687R","","US","","161.00","","","","","ｶﾞﾗ　　ﾀﾀﾐ","","32","LL","","30","","","1500","835.00","","","","","","","","","","","26-00071","","","","","",""
"2026/03/02","2026/05/22","","801","㈱ﾗｯｷｰ産業","","","717","","01","FD2688R","","US","","161.00","","","","","ｽﾄﾗｲﾌﾟ　ﾀﾀﾐ","","32","LL","","30","","","1500","835.00","","","","","","","","","","","26-00071","","","","","",""
"2026/03/02","2026/07/20","","437","新南通本州","","","007","S3839","01","DD2179V","","CNY","","22.70","","","","","KO 11ぴき外縫い健康","","70","M","","0","","","1500","16.00","","16.00","","","","","","","","","26-00072","","","","","",""
"2026/03/02","2026/07/20","","437","新南通本州","","","007","S3839","01","ED2366V","","CNY","","22.70","","","","","EC ﾊﾗﾍﾟｺｱｵﾑｼ外縫い健康","","20","M","","0","","","1500","15.90","","15.90","","","","","","","","","26-00072","","","","","",""
"2026/03/02","2026/07/20","","437","新南通本州","","","007","S3839","01","ED2454V","","CNY","","22.70","","","","","SX ﾘﾗｯｸﾏｹﾝｺｳ","","40","M","","0","","","1500","0.00","","0.00","","","","","","","","","26-00072","","","","","",""
"2026/03/02","2026/07/20","","437","新南通本州","","","007","S3839","01","FD2448V","","CNY","","22.70","","","","","SX ｺﾘﾗｯｸﾏｹﾝｺｳ","","11","M","","0","","","900","0.00","","0.00","","","","","","","","","26-00072","","","","","",""
"2026/03/02","2026/07/20","","437","新南通本州","","","007","S3839","01","FD2449V","","CNY","","22.70","","","","","SX ｷｲﾛｲﾄﾘｹﾝｺｳ","","80","M","","0","","","900","0.00","","0.00","","","","","","","","","26-00072","","","","","",""
"2026/03/02","2026/07/20","","105","金森","","","007","S3840","01","FE2105W","","CNY","","22.70","","","","","SR ｷﾃｨﾊﾟｲﾙｺﾝﾌｫｰﾄ","","11","M","","0","","","900","0.00","","0.00","","","","","","","","","26-00073","","","","","",""
"2026/03/02","2026/07/20","","105","金森","","","007","S3840","01","FE2106W","","CNY","","22.70","","","","","SR ﾊﾝｷﾞｮﾄﾞﾝﾊﾟｲﾙｺﾝﾌｫｰﾄ","","30","M","","0","","","900","0.00","","0.00","","","","","","","","","26-00073","","","","","",""
"2026/03/02","2026/07/20","","105","金森","","","007","S3840","01","FE2107W","","CNY","","22.70","","","","","SR ﾎﾟﾁｬｯｺﾊﾟｲﾙｺﾝﾌｫｰﾄ","","20","M","","0","","","900","0.00","","0.00","","","","","","","","","26-00073","","","","","",""
"2026/03/02","2026/07/20","","105","金森","","","007","S3840","01","FE2108W","","CNY","","22.70","","","","","SR ﾎﾟﾑﾎﾟﾑﾌﾟﾘﾝﾊﾟｲﾙｺﾝﾌｫｰﾄ","","40","M","","0","","","900","0.00","","0.00","","","","","","","","","26-00073","","","","","",""
